"sex","stress","med2","percentBodyFat","percentBodyFatDicho","n"
0.306,0.701333333333333,0.296666666666667,22.3742124726667,0.720666666666667,1500
