,effectName,level,estimate,se
1,main,NA,-3.139473923,0.303547097
3,med2,0,-2.341511883,0.293662205
4,percentBodyFatDicho,1,-2.944893159,0.294575429
5,percentBodyFatDicho,0,-3.128076343,0.308378004
2,med2,1,-9.25162019,0.268904666
